{
  "expenses": [
    {
      "id": "1780947841920",
      "desc": "Tommy dzie횄혚횂혙 1",
      "amount": 133,
      "payer": "paszcze",
      "shares": {
        "paszcze": 0.21052631578947367,
        "ludwy": 0.21052631578947367,
        "odrzywolki": 0.21052631578947367,
        "grzony": 0.21052631578947367,
        "hermany_nowaki": 0.15789473684210525
      }
    },
    {
      "id": "1780947970853",
      "desc": "Lezaki",
      "amount": 30,
      "payer": "grzony",
      "shares": {
        "paszcze": 0.21052631578947367,
        "ludwy": 0.21052631578947367,
        "odrzywolki": 0.21052631578947367,
        "grzony": 0.21052631578947367,
        "hermany_nowaki": 0.15789473684210525
      }
    }
  ]
}